{"cameraMode":{"drawMode":0,"name":"Shaded","section":"Shading Mode"},"sceneLighting":true,"audioPlay":false,"sceneViewState":{"showFog":true,"showMaterialUpdate":false,"showSkybox":true,"showFlares":true,"showImageEffects":true,"showParticleSystems":true,"showVisualEffectGraphs":true,"m_FxEnabled":true},"in2DMode":false,"pivot":{"x":26.72188377380371,"y":-7.375732898712158,"z":-0.46674275398254397},"rotation":{"x":0.011181391775608063,"y":0.9144623875617981,"z":-0.40378567576408389,"w":0.02524947188794613},"size":13.830883979797364,"orthographic":false}